ID,Name,disableParam_NT,disableParamReserve1,disableParamReserve2,behaviorVariationId,resistCorrectId_poison,nameId,turnVellocity,hitHeight,hitRadius,weight,hitYOffset,hp,mp,getSoul,itemLotId_enemy,itemLotId_map,maxAnkleRollAngle,chrHitGroupAndNavimesh,faceIconId,deactivateDist,chrActivateConditionParamId,footIkErrorHeightLimit,humanityLotId,spEffectID0,spEffectID1,spEffectID2,spEffectID3,spEffectID4,spEffectID5,spEffectID6,spEffectID7,GameClearSpEffectID,physGuardCutRate,magGuardCutRate,fireGuardCutRate,thunGuardCutRate,animIdOffset,lockGazePoint0,lockGazePoint1,lockGazePoint2,lockGazePoint3,lockGazePoint4,lockGazePoint5,networkWarpDist,dbgBehaviorR1,dbgBehaviorL1,dbgBehaviorR2,dbgBehaviorL2,dbgBehaviorRL,dbgBehaviorRR,dbgBehaviorRD,dbgBehaviorRU,dbgBehaviorLL,dbgBehaviorLR,dbgBehaviorLD,dbgBehaviorLU,animIdOffset2,partsDamageRate1,partsDamageRate2,partsDamageRate3,partsDamageRate4,partsDamageRate5,partsDamageRate6,partsDamageRate7,partsDamageRate8,weakPartsDamageRate,superArmorRecoverCorrection,superArmorBrakeKnockbackDist,stamina,staminaRecoverBaseVel,def_phys,def_slash,def_blow,def_thrust,def_mag,def_fire,def_thunder,defFlickPower,resist_poison,resist_desease,resist_blood,resist_curse,ghostModelId,normalChangeResouceId,guardAngle,slashGuardCutRate,blowGuardCutRate,thrustGuardCutRate,lockGazePoint6,normalChangeTexChrId,dropType,knockbackRate,knockbackParamId,fallDamageDump,staminaGuardDef,resist_sleep,resist_madness,sleepGuardResist,madnessGuardResist,lockGazePoint7,mpRecoverBaseVel,flickDamageCutRate,defaultLodParamId,drawType,npcType,teamType,moveType,lockDist,materialSe_Weak1,materialSfx_Weak1,partsDamageType,vowType,guardLevel,burnSfxType,poisonGuardResist,diseaseGuardResist,bloodGuardResist,curseGuardResist,parryAttack,parryDefence,sfxSize,pushOutCamRegionRadius,hitStopType,ladderEndChkOffsetTop,ladderEndChkOffsetLow,useRagdollCamHit,disableClothRigidHit,useUndulationAddAnimFB,isWeakA,isGhost,isNoDamageMotion,isUnduration,isChangeWanderGhost,modelDispMask0,modelDispMask1,modelDispMask2,modelDispMask3,modelDispMask4,modelDispMask5,modelDispMask6,modelDispMask7,modelDispMask8,modelDispMask9,modelDispMask10,modelDispMask11,modelDispMask12,modelDispMask13,modelDispMask14,modelDispMask15,isEnableNeckTurn,disableRespawn,isMoveAnimWait,isCrowd,isWeakB,isWeakC,isWeakD,doesAlwaysUseSpecialTurn,isRideAtkTarget,isEnableStepDispInterpolate,isStealthTarget,disableInitializeDead,isHitRumble,isSmoothTurn,isWeakE,isWeakF,modelDispMask16,modelDispMask17,modelDispMask18,modelDispMask19,modelDispMask20,modelDispMask21,modelDispMask22,modelDispMask23,modelDispMask24,modelDispMask25,modelDispMask26,modelDispMask27,modelDispMask28,modelDispMask29,modelDispMask30,modelDispMask31,itemSearchRadius,chrHitHeight,chrHitRadius,specialTurnType,isSoulGetByBoss,isBulletOwner_byObject,isUseLowHitFootIk,isCalculatePvPDamage,isHostSyncChr,isSkipWeakDamageAnim,isKeepHitOnRide,isSpCollide,def_dark,threatLv,specialTurnDistanceThreshold,autoFootEffectSfxId,materialSe1,materialSfx1,materialSe_Weak2,materialSfx_Weak2,materialSe2,materialSfx2,spEffectID8,spEffectID9,spEffectID10,spEffectID11,spEffectID12,spEffectID13,spEffectID14,spEffectID15,autoFootEffectDecalBaseId1,toughness,toughnessRecoverCorrection,neutralDamageCutRate,slashDamageCutRate,blowDamageCutRate,thrustDamageCutRate,magicDamageCutRate,fireDamageCutRate,thunderDamageCutRate,darkDamageCutRate,darkGuardCutRate,clothUpdateOffset,npcPlayerWeightType,normalChangeModelId,normalChangeAnimChrId,paintRenderTargetSize,resistCorrectId_disease,phantomShaderId,multiPlayCorrectionParamId,maxAnklePitchAngle,resist_freeze,freezeGuardResist,pad1,lockCameraParamId,spEffectID16,spEffectID17,spEffectID18,spEffectID19,spEffectID20,spEffectID21,spEffectID22,spEffectID23,spEffectID24,spEffectID25,spEffectID26,spEffectID27,spEffectID28,spEffectID29,spEffectID30,spEffectID31,disableLockOnAng,clothOffLodLevel,isUseFootIKNormalByUnduration,attachHitInitializeDead,excludeGroupRewardCheck,enableAILockDmyPoly_212,enableAILockDmyPoly_213,enableAILockDmyPoly_214,disableActivateOpen_xb1,disableActivateLegacy_xb1,estusFlaskRecoveryParamId,roleNameId,estusFlaskLotPoint,hpEstusFlaskLotPoint,mpEstusFlaskLotPoint,estusFlaskRecovery_failedLotPointAdd,hpEstusFlaskRecovery_failedLotPointAdd,mpEstusFlaskRecovery_failedLotPointAdd,WanderGhostPhantomId,hearingHeadSize,SoundBankId,forwardUndulationLimit,sideUndulationLimit,deactiveMoveSpeed,deactiveMoveDist,enableSoundObjDist,undulationCorrectGain,autoFootEffectDecalBaseId2,autoFootEffectDecalBaseId3,RetargetReferenceChrId,SfxResBankId,updateActivatePriolity,chrNavimeshFlag_Alive,chrNavimeshFlag_Dead,pad7,wheelRotType,wheelRotRadius,retargetMoveRate,ladderWarpOffset,loadAssetId,overlapCameraDmypolyId,residentMaterialExParamId00,residentMaterialExParamId01,residentMaterialExParamId02,residentMaterialExParamId03,residentMaterialExParamId04,sleepCollectorItemLotId_enemy,sleepCollectorItemLotId_map,footIkErrorOnGain,footIkErrorOffGain,SoundAddBankId,materialVariationValue,materialVariationValue_Weak,superArmorDurability,saRecoveryRate,saGuardCutRate,resistCorrectId_blood,resistCorrectId_curse,resistCorrectId_freeze,resistCorrectId_sleep,resistCorrectId_madness,chrDeadTutorialFlagId,stepDispInterpolateTime,stepDispInterpolateTriggerValue,lockScoreOffset,pad12,
0,,0,0,[0|0|0],0,-1,0,0,1.5,0.4,50,0,39,100,0,-1,-1,-1,0,0,-1,0,0.4,-1,0,0,0,0,0,0,0,0,0,0,0,0,0,0,-1,-1,-1,-1,-1,-1,8,3000,3001,3002,3003,3004,3005,3006,3007,702,703,701,700,0,1,1,1,1,1,1,1,1,1.5,-1,0,50,21,0,0,0,0,100,100,100,0,0,0,0,0,-1,-1,0,0,0,0,-1,-1,0,0,0,0,0,0,0,0,0,-1,10,0,-1,0,0,6,3,0,110,110,0,0,0,0,0,0,0,0,0,0,0,0,0,15,8,0,0,0,0,0,0,0,0,1,1,1,1,1,1,1,1,1,1,1,1,1,1,1,1,0,0,0,0,0,0,0,0,0,0,1,0,0,1,0,0,0,0,0,0,0,0,0,0,0,0,0,0,0,0,0,0,0,1.5,0.4,0,0,0,0,0,0,0,0,0,100,1,4,1,109,109,139,139,139,139,0,0,0,0,0,0,0,0,-1,0,0,1,1,1,1,1,1,1,1,0,0,0,-1,-1,256,-1,-1,-1,-1,0,0,0,-1,-1,-1,-1,-1,-1,-1,-1,-1,-1,-1,-1,-1,-1,-1,-1,-1,0,2,0,0,0,1,1,1,0,0,-1,-1,0,0,0,0,0,0,-1,-1,-1,0,0,0,180,48,0.1,-1,-1,-1,-1,1.8,0,0,0,0,0,1,0,-1,-1,-1,-1,-1,-1,-1,-1,-1,0.1,0.4,-1,0,0,-1,0.29,100,-1,-1,-1,-1,-1,0,0.5,0.6,0,[0|0|0|0|0|0|0|0],
1,Human,0,0,[0|0|0],0,1001,0,120,1.5,0.4,100,0,291,0,100,-1,-1,-1,0,0,-1,0,0.4,-1,0,0,0,0,0,0,0,0,0,0,0,0,0,0,-1,-1,-1,-1,-1,-1,16,3000,3001,3002,3003,3004,3005,3006,3007,702,703,701,700,0,1,1,1,1,1,1,1,1,1.5,-1,0,50,21,100,0,0,0,100,100,100,0,100,100,100,999,-1,-1,0,0,0,0,-1,-1,0,0,0,0,0,100,100,0,0,-1,10,0,-1,0,0,6,3,0,110,110,0,0,0,0,0,0,0,0,0,0,0,0,0,15,8,0,0,0,0,0,0,0,0,0,0,0,0,0,0,0,0,0,0,0,0,0,0,0,0,0,0,0,0,0,0,0,0,0,0,1,0,0,1,0,0,0,0,0,0,0,0,0,0,0,0,0,0,0,0,0,0,0,1.5,0.4,0,0,0,0,0,0,0,0,0,100,1,4,1,109,109,139,139,139,139,0,90030,0,0,0,0,0,0,-1,0,0,1,1,1,1,1,1,1,1,0,0,0,-1,-1,256,2001,-1,-1,-1,100,0,0,-1,-1,-1,-1,-1,-1,-1,-1,-1,-1,-1,-1,-1,-1,-1,-1,-1,0,2,0,0,0,1,1,1,0,0,-1,-1,0,0,0,0,0,0,-1,-1,-1,0,0,0,180,48,0.1,-1,-1,-1,-1,1.8,0,0,0,0,0,1,0,-1,-1,-1,-1,-1,-1,-1,-1,-1,0.1,0.4,-1,0,0,-1,0.29,100,3001,-1,5001,6001,7001,0,0.5,0.6,0,[0|0|0|0|0|0|0|0],
100,,0,0,[0|0|0],0,1001,0,120,1.5,0.4,100,0,291,0,100,-1,-1,-1,0,0,-1,0,0.4,-1,0,0,0,0,0,0,0,0,0,0,0,0,0,0,-1,-1,-1,-1,-1,-1,16,3000,3001,3002,3003,3004,3005,3006,3007,702,703,701,700,0,1,1,1,1,1,1,1,1,1.5,-1,0,50,21,100,0,0,0,100,100,100,0,100,100,100,999,-1,-1,0,0,0,0,-1,-1,0,0,0,0,0,100,100,0,0,-1,10,0,-1,0,0,6,3,0,110,110,0,0,0,0,0,0,0,0,0,0,0,0,0,15,8,0,0,0,0,0,0,0,0,0,0,0,0,0,0,0,0,0,0,0,0,0,0,0,0,0,0,0,0,0,0,0,0,0,0,1,0,0,1,0,0,0,0,0,0,0,0,0,0,0,0,0,0,0,0,0,0,0,1.5,0.4,0,0,0,0,0,0,0,0,0,100,1,4,1,109,109,139,139,139,139,0,90030,0,0,0,0,0,0,-1,0,0,1,1,1,1,1,1,1,1,0,0,0,-1,-1,256,2001,-1,-1,-1,100,0,0,-1,-1,-1,-1,-1,-1,-1,-1,-1,-1,-1,-1,-1,-1,-1,-1,-1,0,2,0,0,0,1,1,1,0,0,-1,-1,0,0,0,0,0,0,-1,-1,-1,0,0,0,180,48,0.1,-1,-1,-1,-1,1.8,0,0,0,0,0,1,0,-1,-1,-1,-1,-1,-1,-1,-1,-1,0.1,0.4,-1,0,0,-1,0.29,100,3001,-1,5001,6001,7001,0,0.5,0.6,0,[0|0|0|0|0|0|0|0],
540,,0,0,[0|0|0],0,1001,0,120,1.5,0.4,100,0,291,0,100,-1,-1,-1,0,0,-1,0,0.4,-1,0,0,0,0,0,0,0,0,0,0,0,0,0,0,-1,-1,-1,-1,-1,-1,16,3000,3001,3002,3003,3004,3005,3006,3007,702,703,701,700,0,1,1,1,1,1,1,1,1,1.5,-1,0,50,21,100,0,0,0,100,100,100,0,100,100,100,999,-1,-1,0,0,0,0,-1,-1,0,0,0,0,0,100,100,0,0,-1,10,0,-1,0,0,6,3,0,110,110,0,0,0,0,0,0,0,0,0,0,0,0,0,15,8,0,0,0,0,0,0,0,0,0,0,0,0,0,0,0,0,0,0,0,0,0,0,0,0,0,0,0,0,0,0,0,0,0,0,1,0,0,1,0,0,0,0,0,0,0,0,0,0,0,0,0,0,0,0,0,0,0,1.5,0.4,0,0,0,0,0,0,0,0,0,100,1,4,1,109,109,139,139,139,139,0,90030,0,0,0,0,0,0,-1,0,0,1,1,1,1,1,1,1,1,0,0,0,-1,-1,256,2001,-1,-1,-1,100,0,0,-1,-1,-1,-1,-1,-1,-1,-1,-1,-1,-1,-1,-1,-1,-1,-1,-1,0,2,0,0,0,1,1,1,0,0,-1,-1,0,0,0,0,0,0,-1,-1,-1,0,0,0,180,48,0.1,-1,-1,-1,-1,1.8,0,0,0,0,0,1,0,-1,-1,-1,-1,-1,-1,-1,-1,-1,0.1,0.4,-1,0,0,-1,0.29,100,3001,-1,5001,6001,7001,0,0.5,0.6,0,[0|0|0|0|0|0|0|0],
541,,0,0,[0|0|0],0,1001,0,120,1.5,0.4,100,0,291,0,100,-1,-1,-1,0,0,-1,0,0.4,-1,0,0,0,0,0,0,0,0,0,0,0,0,0,0,-1,-1,-1,-1,-1,-1,16,3000,3001,3002,3003,3004,3005,3006,3007,702,703,701,700,0,1,1,1,1,1,1,1,1,1.5,-1,0,50,21,100,0,0,0,100,100,100,0,100,100,100,999,-1,-1,0,0,0,0,-1,-1,0,0,0,0,0,100,100,0,0,-1,10,0,-1,0,0,6,3,0,110,110,0,0,0,0,0,0,0,0,0,0,0,0,0,15,8,0,0,0,0,0,0,0,0,0,0,0,0,0,0,0,0,0,0,0,0,0,0,0,0,0,0,0,0,0,0,0,0,0,0,1,0,0,1,0,0,0,0,0,0,0,0,0,0,0,0,0,0,0,0,0,0,0,1.5,0.4,0,0,0,0,0,0,0,0,0,100,1,4,1,109,109,139,139,139,139,0,90030,0,0,0,0,0,0,-1,0,0,1,1,1,1,1,1,1,1,0,0,0,-1,-1,256,2001,-1,-1,-1,100,0,0,-1,-1,-1,-1,-1,-1,-1,-1,-1,-1,-1,-1,-1,-1,-1,-1,-1,0,2,0,0,0,1,1,1,0,0,-1,-1,0,0,0,0,0,0,-1,-1,-1,0,0,0,180,48,0.1,-1,-1,-1,-1,1.8,0,0,0,0,0,1,0,-1,-1,-1,-1,-1,-1,-1,-1,-1,0.1,0.4,-1,0,0,-1,0.29,100,3001,-1,5001,6001,7001,0,0.5,0.6,0,[0|0|0|0|0|0|0|0],
542,,0,0,[0|0|0],0,1001,0,120,1.5,0.4,100,0,291,0,100,-1,-1,-1,0,0,-1,0,0.4,-1,0,0,0,0,0,0,0,0,0,0,0,0,0,0,-1,-1,-1,-1,-1,-1,16,3000,3001,3002,3003,3004,3005,3006,3007,702,703,701,700,0,1,1,1,1,1,1,1,1,1.5,-1,0,50,21,100,0,0,0,100,100,100,0,100,100,100,999,-1,-1,0,0,0,0,-1,-1,0,0,0,0,0,100,100,0,0,-1,10,0,-1,0,0,6,3,0,110,110,0,0,0,0,0,0,0,0,0,0,0,0,0,15,8,0,0,0,0,0,0,0,0,0,0,0,0,0,0,0,0,0,0,0,0,0,0,0,0,0,0,0,0,0,0,0,0,0,0,1,0,0,1,0,0,0,0,0,0,0,0,0,0,0,0,0,0,0,0,0,0,0,1.5,0.4,0,0,0,0,0,0,0,0,0,100,1,4,1,109,109,139,139,139,139,0,90030,0,0,0,0,0,0,-1,0,0,1,1,1,1,1,1,1,1,0,0,0,-1,-1,256,2001,-1,-1,-1,100,0,0,-1,-1,-1,-1,-1,-1,-1,-1,-1,-1,-1,-1,-1,-1,-1,-1,-1,0,2,0,0,0,1,1,1,0,0,-1,-1,0,0,0,0,0,0,-1,-1,-1,0,0,0,180,48,0.1,-1,-1,-1,-1,1.8,0,0,0,0,0,1,0,-1,-1,-1,-1,-1,-1,-1,-1,-1,0.1,0.4,-1,0,0,-1,0.29,100,3001,-1,5001,6001,7001,0,0.5,0.6,0,[0|0|0|0|0|0|0|0],
1000,,0,0,[0|0|0],0,1001,0,0,0,0,0,0,640,0,100,-1,-1,-1,0,0,-1,0,0,-1,0,0,0,0,0,0,0,0,0,0,0,0,0,0,-1,-1,-1,-1,-1,-1,16,3000,3001,3002,3003,3004,3005,3006,3007,702,703,701,700,0,1,1,1,1,1,1,1,1,1.5,-1,0,50,21,100,0,0,0,100,100,100,0,100,100,100,999,-1,-1,0,0,0,0,-1,-1,1,0,0,0,0,100,100,0,0,-1,0,0,-1,0,0,6,3,0,110,110,0,0,0,0,0,0,0,0,0,0,0,0,0,15,8,0,0,0,0,0,0,0,0,0,0,0,0,0,0,0,0,0,0,0,0,0,0,0,0,1,1,0,0,0,0,0,0,0,0,1,0,1,1,0,0,0,0,0,0,0,0,0,0,0,0,0,0,0,0,0,0,0,0,0,0,0,0,0,0,0,0,0,0,100,1,999,1,109,109,139,139,139,139,0,90030,0,0,0,0,0,0,-1,0,0,1,1,1,1,1,1,1,1,0,0,0,-1,-1,0,2001,-1,-1,10,100,0,0,-1,-1,-1,-1,-1,-1,-1,-1,-1,-1,-1,-1,-1,-1,-1,-1,-1,0,2,0,0,0,1,1,1,0,0,-1,-1,0,0,0,0,0,0,-1,-1,-1,0,0,0,180,48,0.1,-1,-1,-1,-1,1.8,0,0,0,0,0,1,0,-1,-1,-1,-1,-1,-1,-1,-1,-1,0.1,0.4,-1,0,0,-1,0.29,100,3001,-1,5001,6001,7001,0,0.5,0.6,0,[0|0|0|0|0|0|0|0],
9999,,0,0,[0|0|0],0,1001,0,120,1.5,0.4,100,0,291,0,100,-1,-1,-1,0,0,-1,0,0.4,-1,0,0,0,0,0,0,0,0,0,0,0,0,0,0,-1,-1,-1,-1,-1,-1,16,3000,3001,3002,3003,3004,3005,3006,3007,702,703,701,700,0,1,1,1,1,1,1,1,1,1.5,0,0,50,21,100,0,0,0,100,100,100,0,100,100,100,999,-1,-1,0,0,0,0,-1,-1,0,0,0,0,0,100,100,0,0,-1,10,0,-1,0,0,6,3,0,110,110,0,0,0,0,0,0,0,0,0,0,0,0,0,15,8,0,0,0,0,0,0,0,0,0,0,0,0,0,0,0,0,0,0,0,0,0,0,0,0,0,0,0,0,0,0,0,0,0,0,1,0,0,1,0,0,0,0,0,0,0,0,0,0,0,0,0,0,0,0,0,0,0,1.5,0.4,0,0,0,0,0,0,0,0,0,100,1,4,1,109,109,139,139,139,139,0,90030,0,0,0,0,0,0,-1,0,0,1,1,1,1,1,1,1,1,0,0,0,-1,-1,0,2001,-1,-1,-1,100,0,0,-1,-1,-1,-1,-1,-1,-1,-1,-1,-1,-1,-1,-1,-1,-1,-1,-1,0,2,0,0,0,1,1,1,0,0,-1,-1,0,0,0,0,0,0,-1,-1,-1,0,0,0,180,48,0.1,-1,-1,-1,-1,1.8,0,0,0,0,0,1,0,-1,-1,-1,-1,-1,-1,-1,-1,-1,0.1,0.4,-1,0,0,-1,0.29,100,3001,-1,5001,6001,7001,0,0.5,0.6,0,[0|0|0|0|0|0|0|0],
1000000,BuddyStone,0,0,[0|0|0],1000,-1,0,120,1.9,0.4,100,0,1939,0,0,-1,-1,-1,0,0,-1,0,0.4,-1,0,0,0,0,0,0,90000,90010,0,0,0,0,0,0,-1,-1,-1,-1,-1,-1,16,3000,3001,3002,3003,3004,3005,3006,3007,702,703,701,700,0,1,1,1,1,1,1,1,1,1.5,-1,0,50,21,100,0,0,0,100,100,100,0,999,999,999,999,-1,-1,0,0,0,0,-1,-1,1,0,0,100,0,999,999,0,0,-1,10,0,11,0,0,30,3,0,110,110,0,0,0,0,0,0,0,0,0,0,0,0,0,16,8,0,0,0,0,0,0,0,0,0,0,0,0,0,0,0,0,0,0,0,0,0,0,0,0,0,0,0,0,0,0,0,0,0,0,1,0,0,0,0,0,0,0,0,0,0,0,0,0,0,0,0,0,0,0,0,0,0,1.9,0.4,0,0,0,0,0,0,0,0,0,100,0,999,1,109,109,139,139,139,139,90020,90030,90040,90300,90060,90100,0,0,-1,0,0.4,1,1,1,1,1,1,1,1,0,0,0,-1,-1,0,-1,-1,-1,-1,999,0,0,-1,-1,-1,-1,-1,-1,-1,-1,-1,-1,-1,-1,-1,-1,-1,-1,-1,0,2,0,0,1,1,1,1,0,0,-1,-1,0,0,0,0,0,0,-1,-1,8000,0,0,1,230,48,0.1,-1,-1,-1,-1,2.5,0,0,0,0,0,1,0,-1,-1,-1,-1,-1,-1,-1,-1,-1,0.1,0.4,-1,0,0,-1,0.29,100,-1,-1,-1,-1,-1,0,0.5,0.6,0,[0|0|0|0|0|0|0|0],
1002000,Patrol Dummy,0,0,[0|0|0],1000,-1,0,120,1.9,0.4,100,0,1939,0,0,-1,-1,-1,0,0,-1,0,0.4,-1,0,0,0,0,0,0,90000,90010,0,0,0,0,0,0,-1,-1,-1,-1,-1,-1,16,3000,3001,3002,3003,3004,3005,3006,3007,702,703,701,700,0,1,1,1,1,1,1,1,1,1.5,-1,0,50,21,100,0,0,0,100,100,100,0,999,999,999,999,-1,-1,0,0,0,0,-1,-1,1,0,0,100,0,999,999,0,0,-1,10,0,11,0,0,6,3,0,110,110,0,0,0,0,0,0,0,0,0,0,0,0,0,16,8,0,0,0,0,0,0,0,0,0,0,0,0,0,0,0,0,0,0,0,0,0,0,0,0,0,0,0,0,0,0,0,0,0,0,1,0,0,0,0,0,0,0,0,0,0,0,0,0,0,0,0,0,0,0,0,0,0,1.9,0.4,0,0,0,0,0,0,0,0,0,100,0,999,1,109,109,139,139,139,139,90020,90030,90040,90300,90060,90100,0,0,-1,0,0.4,1,1,1,1,1,1,1,1,0,0,0,-1,-1,0,-1,-1,-1,-1,999,0,0,-1,-1,-1,-1,-1,-1,-1,-1,-1,-1,-1,-1,-1,-1,-1,-1,-1,0,2,0,0,0,1,1,1,0,0,-1,-1,0,0,0,0,0,0,-1,-1,-1,0,0,1,230,48,0.1,-1,-1,-1,-1,2.5,0,0,0,0,0,1,0,-1,-1,-1,-1,-1,-1,-1,-1,-1,0.1,0.4,-1,0,0,-1,0.29,100,-1,-1,-1,-1,-1,0,0.5,0.6,0,[0|0|0|0|0|0|0|0],
1100000,Caravan Dummy,0,0,[0|0|0],1100,-1,0,3,0.6,0.8,100,0,1939,0,0,-1,-1,-1,5,0,-1,0,0.8,-1,0,0,0,0,0,0,90000,90010,0,0,0,0,0,0,-1,-1,-1,-1,-1,-1,16,3000,3001,3002,3003,3004,3005,3006,3007,702,703,701,700,0,1,1,1,1,1,1,1,1,1.5,-1,0,50,21,100,0,0,0,100,100,100,0,999,999,999,999,-1,-1,0,0,0,0,-1,-1,1,0,0,100,0,999,999,0,0,-1,10,0,11,0,0,30,13,0,110,110,0,0,0,0,0,0,0,0,0,0,0,0,2,16,8,0,0,0,0,0,0,1,0,0,0,0,0,0,0,0,0,0,0,0,0,0,0,0,0,0,0,0,0,0,0,0,0,0,0,1,0,0,0,0,0,0,0,0,0,0,0,0,0,0,0,0,0,0,0,0,0,0,0.6,0.8,0,0,0,0,0,0,0,0,0,100,0,999,1,109,109,139,139,139,139,90020,90030,90040,90300,90060,90100,0,0,-1,0,0.4,1,1,1,1,1,1,1,1,0,0,0,-1,-1,0,-1,-1,-1,-1,999,0,0,-1,5841,-1,-1,-1,-1,-1,-1,-1,-1,-1,-1,-1,-1,-1,-1,-1,0,2,0,0,1,1,1,1,0,0,-1,-1,0,0,0,0,0,0,-1,-1,-1,15,0,0,180,48,0.1,-1,-1,-1,-1,10,0,0,0,0,0,1,0,-1,-1,-1,-1,-1,-1,-1,-1,-1,0.1,0.4,-1,0,0,-1,0.29,100,-1,-1,-1,-1,-1,0,0.5,0.6,0,[0|0|0|0|0|0|0|0],
1200000,Bullet Dummy,0,0,[0|0|0],1200,-1,0,0,1.5,0.4,100,0,1939,0,0,-1,-1,-1,0,0,-1,0,0.4,-1,5400,0,0,0,0,0,90000,90010,0,0,0,0,0,0,-1,-1,-1,-1,-1,-1,16,3000,3001,3002,3003,3004,3005,3006,3007,702,703,701,700,0,1,1,1,1,1,1,1,1,1.5,-1,0,50,21,100,0,0,0,100,100,100,0,999,999,999,999,-1,-1,0,0,0,0,-1,-1,1,0,0,100,0,999,999,0,0,-1,10,0,11,0,0,6,0,0,139,139,0,0,0,0,0,0,0,0,0,0,0,0,0,16,8,0,0,0,0,0,0,0,0,0,0,0,0,0,0,0,0,0,0,0,0,0,0,0,0,0,0,0,0,0,0,0,0,0,0,1,0,0,0,0,0,0,0,0,0,0,0,0,0,0,0,0,0,0,0,0,0,0,1.5,0.4,0,0,0,0,0,0,0,0,0,100,0,999,1,139,139,139,139,139,139,90020,90030,90040,90300,90060,90100,0,0,-1,0,0.4,1,1,1,1,1,1,1,1,0,0,0,-1,-1,0,-1,-1,-1,-1,999,0,0,-1,-1,-1,-1,-1,-1,-1,-1,-1,-1,-1,-1,-1,-1,-1,-1,-1,0,2,0,0,0,1,1,1,0,0,-1,-1,0,0,0,0,0,0,-1,-1,-1,0,0,0,180,48,0.1,-1,-1,-1,-1,10,0,0,0,0,0,1,0,-1,-1,-1,-1,-1,-1,-1,-1,-1,0.1,0.4,-1,0,0,-1,0.29,100,-1,-1,-1,-1,-1,0,0.5,0.6,0,[0|0|0|0|0|0|0|0],
1200020,Bullet Dummy,0,0,[0|0|0],1200,-1,0,0,1.5,0.4,100,0,1939,0,0,-1,-1,-1,0,0,-1,0,0.4,-1,5400,0,0,7060,0,0,90000,90010,7460,0,0,0,0,0,-1,-1,-1,-1,-1,-1,16,3000,3001,3002,3003,3004,3005,3006,3007,702,703,701,700,0,1,1,1,1,1,1,1,1,1.5,-1,0,50,21,100,0,0,0,100,100,100,0,999,999,999,999,-1,-1,0,0,0,0,-1,-1,1,0,0,100,0,999,999,0,0,-1,10,0,11,0,0,6,0,0,139,139,0,0,0,0,0,0,0,0,0,0,0,0,0,16,8,0,0,0,0,0,0,0,0,0,0,0,0,0,0,0,0,0,0,0,0,0,0,0,0,0,0,0,0,0,0,0,0,0,0,1,0,0,0,0,0,0,0,0,0,0,0,0,0,0,0,0,0,0,0,0,0,0,1.5,0.4,0,0,0,0,0,0,0,0,0,100,0,999,1,139,139,139,139,139,139,90020,90030,90040,90300,90060,90100,0,0,-1,0,0.4,1,1,1,1,1,1,1,1,0,0,0,-1,-1,0,-1,-1,-1,-1,999,0,0,-1,-1,-1,-1,-1,-1,-1,-1,-1,-1,-1,-1,-1,-1,-1,-1,-1,0,2,0,0,0,1,1,1,0,0,-1,-1,0,0,0,0,0,0,-1,-1,-1,0,0,0,180,48,0.1,-1,-1,-1,-1,10,0,0,0,0,0,1,0,-1,-1,-1,-1,-1,-1,-1,-1,-1,0.1,0.4,-1,0,0,-1,0.29,100,-1,-1,-1,-1,-1,0,0.5,0.6,0,[0|0|0|0|0|0|0|0],
1200030,Bullet Dummy,0,0,[0|0|0],1200,-1,0,0,1.5,0.4,100,0,1939,0,0,-1,-1,-1,0,0,-1,0,0.4,-1,5400,0,0,7080,0,0,90000,90010,7480,0,0,0,0,0,-1,-1,-1,-1,-1,-1,16,3000,3001,3002,3003,3004,3005,3006,3007,702,703,701,700,0,1,1,1,1,1,1,1,1,1.5,-1,0,50,21,100,0,0,0,100,100,100,0,999,999,999,999,-1,-1,0,0,0,0,-1,-1,1,0,0,100,0,999,999,0,0,-1,10,0,11,0,0,6,0,0,139,139,0,0,0,0,0,0,0,0,0,0,0,0,0,16,8,0,0,0,0,0,0,0,0,0,0,0,0,0,0,0,0,0,0,0,0,0,0,0,0,0,0,0,0,0,0,0,0,0,0,1,0,0,0,0,0,0,0,0,0,0,0,0,0,0,0,0,0,0,0,0,0,0,1.5,0.4,0,0,0,0,0,0,0,0,0,100,0,999,1,139,139,139,139,139,139,90020,90030,90040,90300,90060,90100,0,0,-1,0,0.4,1,1,1,1,1,1,1,1,0,0,0,-1,-1,0,-1,-1,-1,-1,999,0,0,-1,-1,-1,-1,-1,-1,-1,-1,-1,-1,-1,-1,-1,-1,-1,-1,-1,0,2,0,0,0,1,1,1,0,0,-1,-1,0,0,0,0,0,0,-1,-1,-1,0,0,0,180,48,0.1,-1,-1,-1,-1,10,0,0,0,0,0,1,0,-1,-1,-1,-1,-1,-1,-1,-1,-1,0.1,0.4,-1,0,0,-1,0.29,100,-1,-1,-1,-1,-1,0,0.5,0.6,0,[0|0|0|0|0|0|0|0],
1200041,Bullet Dummy,0,0,[0|0|0],1200,-1,0,0,1.5,0.4,100,0,1939,0,0,-1,-1,-1,0,0,-1,0,0.4,-1,5400,0,0,7080,0,0,90000,90010,7480,0,0,0,0,0,-1,-1,-1,-1,-1,-1,16,3000,3001,3002,3003,3004,3005,3006,3007,702,703,701,700,0,1,1,1,1,1,1,1,1,1.5,-1,0,50,21,100,0,0,0,100,100,100,0,999,999,999,999,-1,-1,0,0,0,0,-1,-1,1,0,0,100,0,999,999,0,0,-1,10,0,11,0,0,6,0,0,139,139,0,0,0,0,0,0,0,0,0,0,0,0,0,16,8,0,0,0,0,0,0,0,0,0,0,0,0,0,0,0,0,0,0,0,0,0,0,0,0,0,0,0,0,0,0,0,0,0,0,1,0,0,0,0,0,0,0,0,0,0,0,0,0,0,0,0,0,0,0,0,0,0,1.5,0.4,0,0,0,0,0,0,0,0,0,100,0,999,1,139,139,139,139,139,139,90020,90030,90040,90300,90060,90100,0,0,-1,0,0.4,1,1,1,1,1,1,1,1,0,0,0,-1,-1,0,-1,-1,-1,-1,999,0,0,-1,-1,-1,-1,-1,-1,-1,-1,-1,-1,-1,-1,-1,-1,-1,-1,-1,0,2,0,0,0,1,1,1,0,0,-1,-1,0,0,0,0,0,0,-1,-1,-1,0,0,0,180,48,0.1,-1,-1,-1,-1,10,0,0,0,0,0,1,0,-1,-1,-1,-1,-1,-1,-1,-1,-1,0.1,0.4,-1,0,0,-1,0.29,100,-1,-1,-1,-1,-1,0,0.5,0.6,0,[0|0|0|0|0|0|0|0],
1200100,Bullet Dummy,0,0,[0|0|0],1200,-1,0,999,1.5,0.4,100,0,1939,0,0,-1,-1,-1,0,0,-1,0,0.4,-1,5401,0,0,0,0,0,90000,90010,0,0,0,0,0,0,-1,-1,-1,-1,-1,-1,16,3000,3001,3002,3003,3004,3005,3006,3007,702,703,701,700,0,1,1,1,1,1,1,1,1,1.5,-1,0,50,21,100,0,0,0,100,100,100,0,999,999,999,999,-1,-1,0,0,0,0,-1,-1,1,0,0,100,0,999,999,0,0,-1,10,0,11,0,0,6,1,0,139,139,0,0,0,0,0,0,0,0,0,0,0,0,0,16,8,0,0,0,0,0,0,0,0,0,0,0,0,0,0,0,0,0,0,0,0,0,0,0,0,0,0,0,0,0,0,0,0,0,0,1,0,0,0,0,0,0,0,0,0,0,0,0,0,0,0,0,0,0,0,0,0,0,1.5,0.4,0,0,0,0,0,0,0,0,0,100,0,999,1,139,139,139,139,139,139,90020,90030,90040,90300,90060,90100,0,0,-1,0,0.4,1,1,1,1,1,1,1,1,0,0,0,-1,-1,0,-1,-1,-1,-1,999,0,0,-1,-1,-1,-1,-1,-1,-1,-1,-1,-1,-1,-1,-1,-1,-1,-1,-1,0,2,0,0,0,1,1,1,0,0,-1,-1,0,0,0,0,0,0,-1,-1,-1,0,0,0,180,48,0.1,-1,-1,-1,-1,10,0,0,0,0,0,1,0,-1,-1,-1,-1,-1,-1,-1,-1,-1,0.1,0.4,-1,0,0,-1,0.29,100,-1,-1,-1,-1,-1,0,0.5,0.6,0,[0|0|0|0|0|0|0|0],
1300000,Balloon Dummy,0,0,[0|0|0],1300,-1,0,0,6.7,0.4,100,0,39,0,0,-1,-1,-1,0,0,-1,0,0.4,-1,0,0,0,0,0,0,90000,90010,0,0,0,0,0,0,-1,-1,-1,-1,-1,-1,16,3000,3001,3002,3003,3004,3005,3006,3007,702,703,701,700,0,1,1,1,1,1,1,1,1,1.5,-1,0,50,21,100,0,0,0,100,100,100,0,999,999,999,999,-1,-1,0,0,0,0,-1,-1,1,0,0,100,0,999,999,0,0,-1,0,0,11,0,0,6,3,40,113,113,0,0,0,0,0,0,0,0,0,0,0,0,0,16,8,0,0,0,0,0,0,0,0,0,0,0,0,0,0,0,0,0,0,0,0,0,0,0,0,0,0,0,0,0,0,0,0,0,0,0,0,0,0,0,0,0,0,0,0,0,0,0,0,0,0,0,0,0,0,0,0,0,6.7,0.4,0,0,0,0,0,0,0,0,0,100,0,999,1,113,113,139,139,139,139,90020,90030,90040,90300,90060,90100,0,0,-1,0,0.4,1,1,1,1,1,1,1,1,0,0,0,-1,-1,0,-1,-1,-1,-1,999,0,0,-1,-1,-1,-1,-1,-1,-1,-1,-1,-1,-1,-1,-1,-1,-1,-1,-1,0,2,0,0,1,1,1,1,0,0,-1,-1,0,0,0,0,0,0,-1,-1,-1,0,0,0,180,48,0.1,-1,-1,-1,-1,10,0,0,0,0,0,1,0,-1,-1,-1,-1,-1,-1,-1,-1,-1,0.1,0.4,-1,0,0,-1,0.29,100,-1,-1,-1,-1,-1,0,0.5,0.6,0,[0|0|0|0|0|0|0|0],
10000000,Bonfire,0,0,[0|0|0],0,-1,0,0,0.3,0.1,0,0,1939,0,0,-1,-1,-1,0,0,-1,0,0.1,-1,0,0,0,0,0,0,90000,90010,0,0,0,0,0,0,-1,-1,-1,-1,-1,-1,16,0,0,0,0,0,0,0,0,0,0,0,0,0,1,1,1,1,1,1,1,1,1.5,-1,0,50,21,100,0,0,0,100,100,100,0,999,999,999,999,-1,-1,0,0,0,0,-1,-1,1,0,0,100,0,999,999,0,0,-1,0,0,-1,0,0,0,6,0,110,110,0,0,0,0,0,0,0,0,0,0,0,0,0,15,8,0,0,0,0,0,0,0,0,0,0,0,0,0,0,0,0,0,0,0,0,0,0,0,0,0,1,0,0,0,0,0,0,0,0,1,0,0,1,0,0,0,0,0,0,0,0,0,0,0,0,0,0,0,0,0,0,0,0.3,0.1,0,0,0,0,0,0,0,0,0,100,0,4,1,109,109,139,139,139,139,90020,90030,90040,90300,90060,90100,0,0,-1,0,0,1,1,1,1,1,1,1,1,0,0,0,-1,-1,0,-1,-1,-1,-1,999,0,0,-1,-1,-1,-1,-1,-1,-1,-1,-1,-1,-1,-1,-1,-1,-1,-1,-1,0,2,0,0,0,1,1,1,0,0,-1,-1,0,0,0,0,0,0,-1,-1,-1,0,0,0,180,48,0.1,-1,-1,-1,-1,1,0,0,0,0,0,1,0,-1,-1,-1,-1,-1,-1,-1,-1,-1,0.1,0.4,-1,0,0,-1,0.29,100,-1,-1,-1,-1,-1,0,0.5,0.6,0,[0|0|0|0|0|0|0|0],
10000100,Talk Dummy,0,0,[0|0|0],0,-1,1300,0,0.3,0.1,0,0,1939,0,0,-1,-1,-1,0,0,-1,0,0.1,-1,0,0,0,0,0,0,90000,90010,0,0,0,0,0,0,-1,-1,-1,-1,-1,-1,16,0,0,0,0,0,0,0,0,0,0,0,0,0,1,1,1,1,1,1,1,1,1.5,-1,0,50,21,100,0,0,0,100,100,100,0,999,999,999,999,-1,-1,0,0,0,0,-1,-1,1,0,0,100,0,999,999,0,0,-1,0,0,-1,0,0,0,6,0,110,110,0,0,0,0,0,0,0,0,0,0,0,0,0,15,8,0,0,0,0,0,0,0,0,0,0,0,0,0,0,0,0,0,0,0,0,0,0,0,0,0,1,0,0,0,0,0,0,0,0,1,0,0,1,0,0,0,0,0,0,0,0,0,0,0,0,0,0,0,0,0,0,0,0.3,0.1,0,0,0,0,0,0,0,0,0,100,0,4,1,109,109,139,139,139,139,90020,90030,90040,90300,90060,90100,0,0,-1,0,0,1,1,1,1,1,1,1,1,0,0,0,-1,-1,0,-1,-1,-1,-1,999,0,0,-1,-1,-1,-1,-1,-1,-1,-1,-1,-1,-1,-1,-1,-1,-1,-1,-1,0,2,0,0,0,1,1,1,0,0,-1,-1,0,0,0,0,0,0,-1,-1,-1,0,0,0,180,48,0.1,-1,-1,-1,-1,1,0,0,0,0,0,1,0,-1,-1,-1,-1,-1,-1,-1,-1,-1,0.1,0.4,-1,0,0,-1,0.29,100,-1,-1,-1,-1,-1,0,0.5,0.6,0,[0|0|0|0|0|0|0|0],
10001000,BuddyStone,0,0,[0|0|0],0,-1,0,0,0.3,0.1,0,0,1939,0,0,-1,-1,-1,0,0,-1,0,0.1,-1,0,0,0,0,0,0,90000,90010,0,0,0,0,0,0,-1,-1,-1,-1,-1,-1,16,0,0,0,0,0,0,0,0,0,0,0,0,0,1,1,1,1,1,1,1,1,1.5,-1,0,50,21,100,0,0,0,100,100,100,0,999,999,999,999,-1,-1,0,0,0,0,-1,-1,1,0,0,0,0,999,999,0,0,-1,0,0,-1,0,0,0,6,0,110,110,0,0,0,0,0,0,0,0,0,0,0,0,0,15,8,0,0,0,0,0,0,0,0,0,0,0,0,0,0,0,0,0,0,0,0,0,0,0,0,0,1,0,0,0,0,0,0,0,0,1,0,0,1,0,0,0,0,0,0,0,0,0,0,0,0,0,0,0,0,0,0,0,0.3,0.1,0,0,0,0,0,0,0,0,0,100,0,4,1,109,109,139,139,139,139,90020,90030,90040,90300,90060,90100,0,0,-1,0,0,1,1,1,1,1,1,1,1,0,0,0,-1,-1,0,-1,-1,-1,-1,999,0,0,-1,9510,-1,-1,-1,-1,-1,-1,-1,-1,-1,-1,-1,-1,-1,-1,-1,0,2,0,0,0,1,1,1,0,0,-1,-1,0,0,0,0,0,0,-1,-1,-1,0,0,0,180,48,0.1,-1,-1,-1,-1,1,0,0,0,0,0,1,0,-1,-1,-1,-1,-1,-1,-1,-1,-1,0.1,0.4,-1,0,0,-1,0.29,100,-1,-1,-1,-1,-1,0,0.5,0.6,0,[0|0|0|0|0|0|0|0],
10003000,Talk Dummy,0,0,[0|0|0],1000,-1,0,120,1.9,0.4,100,0,1939,0,0,-1,-1,-1,0,0,-1,0,0.4,-1,5400,0,0,0,0,0,90000,90010,0,0,0,0,0,0,-1,-1,-1,-1,-1,-1,16,3000,3001,3002,3003,3004,3005,3006,3007,702,703,701,700,0,1,1,1,1,1,1,1,1,1.5,-1,0,50,21,100,0,0,0,100,100,100,0,999,999,999,999,-1,-1,0,0,0,0,-1,-1,1,0,0,100,0,999,999,0,0,-1,10,0,11,0,0,7,3,0,110,110,0,0,0,0,0,0,0,0,0,0,0,0,0,16,8,0,0,0,0,0,0,0,0,0,0,0,0,0,0,0,0,0,0,0,0,0,0,0,0,0,0,0,0,0,0,0,0,0,0,1,0,0,0,0,0,0,0,0,0,0,0,0,0,0,0,0,0,0,0,0,0,0,1.9,0.4,0,0,0,0,0,0,0,0,0,100,0,999,1,109,109,139,139,139,139,90020,90030,90040,90300,90060,90100,0,0,-1,0,0.4,1,1,1,1,1,1,1,1,0,0,0,-1,-1,0,-1,-1,-1,-1,999,0,0,-1,-1,-1,-1,-1,-1,-1,-1,-1,-1,-1,-1,-1,-1,-1,-1,-1,0,2,0,0,0,1,1,1,0,0,-1,-1,0,0,0,0,0,0,-1,-1,-1,0,0,1,230,48,0.1,-1,-1,-1,-1,2.5,0,0,0,0,0,1,0,-1,-1,-1,-1,-1,-1,-1,-1,-1,0.1,0.4,-1,0,0,-1,0.29,100,-1,-1,-1,-1,-1,0,0.5,0.6,0,[0|0|0|0|0|0|0|0],
10003100,Talk Dummy,0,0,[0|0|0],1000,-1,0,120,1.9,0.4,100,0,1939,0,0,-1,-1,-1,0,0,-1,0,0.4,-1,5401,0,0,0,0,0,90000,90010,0,0,0,0,0,0,-1,-1,-1,-1,-1,-1,16,3000,3001,3002,3003,3004,3005,3006,3007,702,703,701,700,0,1,1,1,1,1,1,1,1,1.5,-1,0,50,21,100,0,0,0,100,100,100,0,999,999,999,999,-1,-1,0,0,0,0,-1,-1,1,0,0,100,0,999,999,0,0,-1,10,0,11,0,0,7,3,0,110,110,0,0,0,0,0,0,0,0,0,0,0,0,0,16,8,0,0,0,0,0,0,0,0,0,0,0,0,0,0,0,0,0,0,0,0,0,0,0,0,0,0,0,0,0,0,0,0,0,0,1,0,0,0,0,0,0,0,0,0,0,0,0,0,0,0,0,0,0,0,0,0,0,1.9,0.4,0,0,0,0,0,0,0,0,0,100,0,999,1,109,109,139,139,139,139,90020,90030,90040,90300,90060,90100,0,0,-1,0,0.4,1,1,1,1,1,1,1,1,0,0,0,-1,-1,0,-1,-1,-1,-1,999,0,0,-1,-1,-1,-1,-1,-1,-1,-1,-1,-1,-1,-1,-1,-1,-1,-1,-1,0,2,0,0,0,1,1,1,0,0,-1,-1,0,0,0,0,0,0,-1,-1,-1,0,0,1,230,48,0.1,-1,-1,-1,-1,2.5,0,0,0,0,0,1,0,-1,-1,-1,-1,-1,-1,-1,-1,-1,0.1,0.4,-1,0,0,-1,0.29,100,-1,-1,-1,-1,-1,0,0.5,0.6,0,[0|0|0|0|0|0|0|0],
10004000,,0,0,[0|0|0],0,-1,1400,0,0.3,0.1,0,0,1939,0,0,-1,-1,-1,0,0,-1,0,0.1,-1,0,0,0,0,0,0,90000,90010,0,0,0,0,0,0,-1,-1,-1,-1,-1,-1,16,0,0,0,0,0,0,0,0,0,0,0,0,0,1,1,1,1,1,1,1,1,1.5,-1,0,50,21,100,0,0,0,100,100,100,0,999,999,999,999,-1,-1,0,0,0,0,-1,-1,1,0,0,0,0,999,999,0,0,-1,0,0,-1,0,0,0,6,0,110,110,0,0,0,0,0,0,0,0,0,0,0,0,0,15,8,0,0,0,0,0,0,0,0,0,0,0,0,0,0,0,0,0,0,0,0,0,0,0,0,0,1,0,0,0,0,0,0,0,0,1,0,0,1,0,0,0,0,0,0,0,0,0,0,0,0,0,0,0,0,0,0,0,0.3,0.1,0,0,0,0,0,0,0,0,0,100,0,4,1,109,109,139,139,139,139,90020,90030,90040,90300,90060,90100,0,0,-1,0,0,1,1,1,1,1,1,1,1,0,0,0,-1,-1,0,-1,-1,-1,-1,999,0,0,-1,-1,-1,-1,-1,-1,-1,-1,-1,-1,-1,-1,-1,-1,-1,-1,-1,0,2,0,0,0,1,1,1,0,0,-1,-1,0,0,0,0,0,0,-1,-1,-1,0,0,0,180,48,0.1,-1,-1,-1,-1,1,0,0,0,0,0,1,0,-1,-1,-1,-1,-1,-1,-1,-1,-1,0.1,0.4,-1,0,0,-1,0.29,100,-1,-1,-1,-1,-1,0,0.5,0.6,0,[0|0|0|0|0|0|0|0],
10005000,Talk Dummy,0,0,[0|0|0],0,-1,0,0,0.3,0.1,0,0,1939,0,0,-1,-1,-1,0,0,-1,0,0.1,-1,0,0,0,0,0,0,90000,90010,0,0,0,0,0,0,-1,-1,-1,-1,-1,-1,16,0,0,0,0,0,0,0,0,0,0,0,0,0,1,1,1,1,1,1,1,1,1.5,-1,0,50,21,100,0,0,0,100,100,100,0,999,999,999,999,-1,-1,0,0,0,0,-1,-1,1,0,0,100,0,999,999,0,0,-1,0,0,-1,0,0,0,6,0,110,110,0,0,0,0,0,0,0,0,0,0,0,0,0,15,8,0,0,0,0,0,0,0,0,0,0,0,0,0,0,0,0,0,0,0,0,0,0,0,0,0,1,0,0,0,0,0,0,0,0,1,0,0,1,0,0,0,0,0,0,0,0,0,0,0,0,0,0,0,0,0,0,0,0.3,0.1,0,0,0,0,0,0,0,0,0,100,0,4,1,109,109,139,139,139,139,90020,90030,90040,90300,90060,90100,0,0,-1,0,0,1,1,1,1,1,1,1,1,0,0,0,-1,-1,0,-1,-1,-1,-1,999,0,0,-1,-1,-1,-1,-1,-1,-1,-1,-1,-1,-1,-1,-1,-1,-1,-1,-1,0,2,0,0,0,1,1,1,0,0,-1,-1,0,0,0,0,0,0,-1,-1,-1,0,0,0,180,48,0.1,-1,-1,-1,-1,1,0,0,0,0,0,1,0,-1,-1,-1,-1,-1,-1,-1,-1,-1,0.1,0.4,-1,0,0,-1,0.29,100,-1,-1,-1,-1,-1,0,0.5,0.6,0,[0|0|0|0|0|0|0|0],
10006000,,0,0,[0|0|0],0,-1,0,0,0.3,0.1,0,0,1939,0,0,-1,-1,-1,0,0,-1,0,0.1,-1,0,0,0,0,0,0,90000,90010,0,0,0,0,0,0,-1,-1,-1,-1,-1,-1,16,0,0,0,0,0,0,0,0,0,0,0,0,0,1,1,1,1,1,1,1,1,1.5,-1,0,50,21,100,0,0,0,100,100,100,0,999,999,999,999,-1,-1,0,0,0,0,-1,-1,1,0,0,100,0,999,999,0,0,-1,0,0,-1,0,1,33,3,0,110,110,0,0,0,0,0,0,0,0,0,0,0,0,0,15,8,0,0,0,0,0,0,0,0,0,0,0,0,0,0,0,0,0,0,0,0,0,0,0,0,0,1,0,0,0,0,0,0,0,0,1,0,0,1,0,0,0,0,0,0,0,0,0,0,0,0,0,0,0,0,0,0,0,0.3,0.1,0,0,0,0,0,0,0,0,0,100,1,4,1,109,109,139,139,139,139,90020,90030,90040,90300,90060,90100,0,0,-1,0,0,1,1,1,1,1,1,1,1,0,0,0,-1,-1,0,-1,-1,-1,-1,999,0,0,-1,-1,-1,-1,-1,-1,-1,-1,-1,-1,-1,-1,-1,-1,-1,-1,-1,0,2,0,0,0,1,1,1,0,0,-1,-1,0,0,0,0,0,0,-1,-1,-1,0,0,0,180,48,0.1,-1,-1,-1,-1,1,0,0,0,0,0,1,0,-1,-1,-1,-1,-1,-1,-1,-1,-1,0.1,0.4,-1,0,0,-1,0.29,100,-1,-1,-1,-1,-1,0,0.5,0.6,0,[0|0|0|0|0|0|0|0],
10006050,Talk Dummy,0,0,[0|0|0],0,-1,0,0,0.3,0.1,0,0,1939,0,0,-1,-1,-1,0,0,-1,0,0.1,-1,0,0,0,7120,0,0,90000,90010,7520,0,0,0,0,0,-1,-1,-1,-1,-1,-1,16,0,0,0,0,0,0,0,0,0,0,0,0,0,1,1,1,1,1,1,1,1,1.5,-1,0,50,21,100,0,0,0,100,100,100,0,999,999,999,999,-1,-1,0,0,0,0,-1,-1,1,0,0,100,0,999,999,0,0,-1,0,0,-1,0,1,33,3,0,110,110,0,0,0,0,0,0,0,0,0,0,0,0,0,15,8,0,0,0,0,0,0,0,0,0,0,0,0,0,0,0,0,0,0,0,0,0,0,0,0,0,1,0,0,0,0,0,0,0,0,1,0,0,1,0,0,0,0,0,0,0,0,0,0,0,0,0,0,0,0,0,0,0,0.3,0.1,0,0,0,0,0,0,0,0,0,100,1,4,1,109,109,139,139,139,139,90020,90030,90040,90300,90060,90100,0,0,-1,0,0,1,1,1,1,1,1,1,1,0,0,0,-1,-1,0,-1,-1,-1,-1,999,0,0,-1,-1,-1,-1,-1,-1,-1,-1,-1,-1,-1,-1,-1,-1,-1,-1,-1,0,2,0,0,0,1,1,1,0,0,-1,-1,0,0,0,0,0,0,-1,-1,-1,0,0,0,180,48,0.1,-1,-1,-1,-1,1,0,0,0,0,0,1,0,-1,-1,-1,-1,-1,-1,-1,-1,-1,0.1,0.4,-1,0,0,-1,0.29,100,-1,-1,-1,-1,-1,0,0.5,0.6,0,[0|0|0|0|0|0|0|0],
10100000,Talk Dummy,0,0,[0|0|0],1000,-1,0,120,1.9,0.4,100,0,1939,0,0,-1,-1,-1,0,0,-1,0,0.4,-1,0,0,0,0,0,0,90000,90010,0,0,0,0,0,0,-1,-1,-1,-1,-1,-1,16,3000,3001,3002,3003,3004,3005,3006,3007,702,703,701,700,0,1,1,1,1,1,1,1,1,1.5,-1,0,50,21,100,0,0,0,100,100,100,0,999,999,999,999,-1,-1,0,0,0,0,-1,-1,1,0,0,100,0,999,999,0,0,-1,10,0,11,0,0,7,3,0,110,110,0,0,0,0,0,0,0,0,0,0,0,0,0,16,8,0,0,0,0,0,0,0,0,0,0,0,0,0,0,0,0,0,0,0,0,0,0,0,0,0,0,0,0,0,0,0,0,0,0,1,0,0,0,0,0,0,0,0,0,0,0,0,0,0,0,0,0,0,0,0,0,0,1.9,0.4,0,0,0,0,0,0,0,0,0,100,0,999,1,109,109,139,139,139,139,90020,90030,90040,90300,90060,90100,0,0,-1,0,0.4,1,1,1,1,1,1,1,1,0,0,0,-1,-1,0,-1,-1,-1,-1,999,0,0,-1,-1,-1,-1,-1,-1,-1,-1,-1,-1,-1,-1,-1,-1,-1,-1,-1,0,2,0,0,0,1,1,1,0,0,-1,-1,0,0,0,0,0,0,-1,-1,-1,0,0,1,230,48,0.1,-1,-1,-1,-1,2.5,0,0,0,0,0,1,0,-1,-1,-1,-1,-1,-1,-1,-1,-1,0.1,0.4,-1,0,0,-1,0.29,100,-1,-1,-1,-1,-1,0,0.5,0.6,0,[0|0|0|0|0|0|0|0],
20100000,Blaidd the Half-Wolf,0,0,[0|0|0],20100,1002,121600,60,2.7,0.4,100,0,1320,0,2000,-1,-1,10,0,0,-1,0,0.7,-1,5400,0,0,0,0,0,0,0,0,0,0,0,0,0,-1,-1,-1,-1,-1,-1,24,3000,3001,3002,3003,3004,3005,3006,3007,3008,3009,6001,6000,0,1,1,1,1,1,1,1,1,1.5,0.23076923,0,50,21,100,0,0,0,100,100,100,0,112,112,154,999,-1,-1,0,0,0,0,-1,-1,1,0,0,0,0,252,999,0,0,-1,10,0,13,0,0,7,3,40,110,110,0,0,2,0,0,0,0,0,0,0,2,0,0,17,7,0,0,0,0,0,0,0,0,1,0,0,0,0,0,0,0,0,0,1,0,0,0,0,0,0,0,0,0,0,0,0,1,0,0,1,0,0,1,0,0,0,0,0,0,0,0,0,0,0,0,0,0,0,0,0,0,0,2.7,0.4,0,0,0,0,0,0,0,0,0,100,1,0,2,108,109,139,139,139,106,0,90030,0,5851,90060,90100,0,-1,-1,0,0.4,0.9,0.9,0.9,1,0.6,1,0.8,0.8,0,0,0,-1,-1,256,2002,-1,200,30,252,0,0,-1,-1,5800,14551,-1,-1,-1,-1,14560,6030,14558,-1,5195,-1,-1,-1,-1,0,-1,0,0,0,1,1,1,0,0,-1,-1,0,0,0,0,0,0,-1,-1,-1,0,0,0,180,50,0.1,-1,-1,-1,-1,1.8,0,0,0,0,0,1,0,-1,-1,-1,-1,-1,-1,-1,-1,-1,0.1,0.4,-1,0,0,80,0.29,100,3003,-1,5004,6004,-1,0,0.5,0.6,0,[0|0|0|0|0|0|0|0],
20101000,Blaidd the Half-Wolf,0,0,[0|0|0],20100,1002,121600,60,2.7,0.4,100,0,1320,0,2000,-1,-1,10,0,0,-1,0,0.7,-1,5400,0,0,0,0,0,0,0,0,0,0,0,0,0,-1,-1,-1,-1,-1,-1,24,3000,3001,3002,3003,3004,3005,3006,3007,3008,3009,6001,6000,0,1,1,1,1,1,1,1,1,1.5,0.23076923,0,50,21,100,0,0,0,100,100,100,0,112,112,154,999,-1,-1,0,0,0,0,-1,-1,1,0,0,0,0,252,999,0,0,-1,10,0,13,0,0,7,3,40,110,110,0,0,2,0,0,0,0,0,0,0,2,0,0,17,7,0,0,0,0,0,0,0,0,1,0,0,0,0,0,0,0,0,0,1,0,0,0,0,0,0,0,0,0,0,0,0,1,0,0,1,0,0,1,0,0,0,0,0,0,0,0,0,0,0,0,0,0,0,0,0,0,0,2.7,0.4,0,0,0,0,0,0,0,0,0,100,1,0,2,108,109,139,139,139,106,0,90030,0,5851,90060,90160,0,-1,-1,0,0.4,0.9,0.9,0.9,1,0.6,1,0.8,0.8,0,0,0,-1,-1,256,2002,-1,200,30,252,0,0,-1,-1,5800,14551,-1,-1,-1,14550,14560,6030,14558,-1,5195,-1,-1,-1,-1,0,-1,0,0,0,1,1,1,0,0,-1,-1,0,0,0,0,0,0,-1,-1,-1,0,0,0,180,50,0.1,-1,-1,-1,-1,1.8,0,0,0,0,0,1,0,-1,-1,-1,-1,-1,-1,-1,-1,-1,0.1,0.4,-1,0,0,80,0.29,100,3003,-1,5004,6004,-1,0,0.5,0.6,0,[0|0|0|0|0|0|0|0],
20107500,Blaidd the Half-Wolf,0,0,[0|0|0],20100,1002,121600,60,2.7,0.4,100,0,3491,0,0,-1,-1,10,0,0,-1,0,0.7,-1,5400,0,0,0,0,0,0,0,0,0,0,0,0,0,-1,-1,-1,-1,-1,-1,24,3000,3001,3002,3003,3004,3005,3006,3007,3008,3009,6001,6000,0,1,1,1,1,1,1,1,1,1.5,0.23076923,0,50,21,100,0,0,0,100,100,100,0,112,112,154,999,-1,-1,0,0,0,0,-1,-1,1,0,0,0,0,252,999,0,0,-1,10,0,13,0,0,2,3,40,110,110,0,0,2,0,0,0,0,0,0,0,2,0,0,17,7,0,0,0,0,0,0,0,0,1,0,0,0,0,0,0,0,0,0,1,0,0,0,0,0,0,0,0,0,0,0,0,1,0,0,1,0,0,1,0,0,0,0,0,0,0,0,0,0,0,0,0,0,0,0,0,0,0,2.7,0.4,0,0,0,0,0,0,0,0,0,100,1,0,2,108,109,139,139,139,106,0,90030,0,5851,90060,90100,0,-1,-1,0,0.4,0.9,0.9,0.9,1,0.6,1,0.8,0.8,0,0,0,-1,-1,256,2002,-1,200,30,252,0,0,-1,-1,5800,-1,-1,14552,-1,-1,14560,6030,14558,-1,5195,-1,-1,-1,-1,0,-1,0,0,0,1,1,1,0,0,-1,-1,0,0,0,0,0,0,-1,-1,-1,0,0,0,180,50,0.1,-1,-1,-1,-1,1.8,0,0,0,0,0,1,0,-1,-1,-1,-1,-1,-1,-1,-1,-1,0.1,0.4,-1,0,0,80,0.29,100,3003,-1,5004,6004,-1,0,0.5,0.6,0,[0|0|0|0|0|0|0|0],
20108000,Blaidd the Half-Wolf,0,0,[0|0|0],20100,1002,0,60,2.7,0.4,100,0,1320,0,0,-1,-1,10,0,0,-1,0,0.7,-1,5400,0,0,0,0,0,0,0,0,0,0,0,0,0,-1,-1,-1,-1,-1,-1,24,3000,3001,3002,3003,3004,3005,3006,3007,3008,3009,6001,6000,0,1,1,1,1,1,1,1,1,1.5,0.23076923,0,50,21,100,0,0,0,100,100,100,0,112,112,154,999,-1,-1,0,0,0,0,-1,-1,1,0,0,0,0,252,999,0,0,-1,10,0,13,0,1,6,3,40,110,110,0,0,2,0,0,0,0,0,0,0,2,0,0,17,7,0,0,0,0,0,0,0,0,1,0,0,0,0,0,0,0,0,0,1,0,0,0,0,0,0,0,0,0,0,0,0,1,0,0,1,0,0,1,0,0,0,0,0,0,0,0,0,0,0,0,0,0,0,0,0,0,0,2.7,0.4,0,0,0,0,0,0,0,0,0,100,1,0,2,108,109,139,139,139,106,0,90030,0,5851,90060,90100,0,-1,-1,0,0.4,0.9,0.9,0.9,1,0.6,1,0.8,0.8,0,0,0,-1,-1,256,2002,-1,200,30,252,0,0,-1,-1,5800,14551,14570,-1,-1,-1,14560,6030,14558,-1,5195,-1,-1,-1,-1,0,-1,0,0,0,1,1,1,0,0,-1,-1,0,0,0,0,0,0,-1,-1,-1,0,0,0,180,50,0.1,-1,-1,-1,-1,1.8,0,0,0,0,0,1,0,-1,-1,-1,-1,-1,-1,-1,-1,-1,0.1,0.4,-1,0,0,80,0.29,100,3003,-1,5004,6004,-1,0,0.5,0.6,0,[0|0|0|0|0|0|0|0],
20108500,Baleful Shadow,0,0,[0|0|0],20100,1002,121610,60,2.7,0.4,100,0,1320,0,0,-1,-1,10,0,0,-1,0,0.7,-1,5400,0,0,0,0,0,0,0,0,0,0,0,0,0,-1,-1,-1,-1,-1,-1,24,3000,3001,3002,3003,3004,3005,3006,3007,3008,3009,6001,6000,0,1,1,1,1,1,1,1,1,1.5,0.23076923,0,50,21,100,0,0,0,100,100,100,0,112,112,154,999,-1,-1,0,0,0,0,-1,-1,1,0,0,0,0,252,999,0,0,-1,10,0,13,0,1,6,3,40,110,110,0,0,2,0,0,0,0,0,0,0,2,0,0,17,7,0,0,0,0,0,0,0,0,1,0,0,0,0,0,0,0,0,0,1,0,0,0,0,0,0,0,0,0,0,0,0,1,0,0,1,0,0,1,0,0,0,0,0,0,0,0,0,0,0,0,0,0,0,0,0,0,0,2.7,0.4,0,0,0,0,0,0,0,0,0,100,1,0,2,108,109,139,139,139,106,0,90030,0,5851,90060,90100,0,-1,-1,0,0.4,0.9,0.9,0.9,1,0.6,1,0.8,0.8,0,0,0,-1,-1,256,2002,-1,200,30,252,0,0,-1,-1,5800,14551,-1,-1,-1,-1,14560,6030,14559,4300,5195,-1,-1,-1,-1,0,-1,0,0,0,1,1,1,0,0,-1,-1,0,0,0,0,0,0,-1,-1,-1,0,0,0,180,50,0.1,-1,-1,-1,-1,1.8,0,0,0,0,0,1,0,-1,-1,-1,-1,-1,-1,-1,-1,-1,0.1,0.4,-1,0,0,80,0.29,100,3003,-1,5004,6004,-1,0,0.5,0.6,0,[0|0|0|0|0|0|0|0],
20108562,Baleful Shadow,0,0,[0|0|0],20100,1002,121610,60,2.7,0.4,100,0,1320,0,8561,-1,-1,10,0,0,-1,0,0.7,-1,5400,0,0,7110,0,0,0,0,7510,0,0,0,0,0,-1,-1,-1,-1,-1,-1,24,3000,3001,3002,3003,3004,3005,3006,3007,3008,3009,6001,6000,0,1,1,1,1,1,1,1,1,1.5,0.23076923,0,50,21,100,0,0,0,100,100,100,0,112,112,154,999,-1,-1,0,0,0,0,-1,-1,1,0,0,0,0,252,999,0,0,-1,10,0,13,0,1,6,3,40,110,110,0,0,2,0,0,0,0,0,0,0,2,0,0,17,7,0,0,0,0,0,0,0,0,1,0,0,0,0,0,0,0,0,0,1,0,0,0,0,0,0,0,0,0,0,0,0,1,0,0,1,0,0,1,0,0,0,0,0,0,0,0,0,0,0,0,0,0,0,0,0,0,0,2.7,0.4,0,0,0,0,0,0,0,0,0,100,1,0,2,108,109,139,139,139,106,0,90030,0,5851,90060,90100,0,-1,-1,0,0.4,0.9,0.9,0.9,1,0.6,1,0.8,0.8,0,0,0,-1,-1,256,2002,-1,200,30,252,0,0,-1,-1,5800,14551,-1,-1,-1,-1,14560,6030,14559,4300,5195,-1,-1,-1,-1,0,-1,0,0,0,1,1,1,0,0,-1,-1,0,0,0,0,0,0,-1,-1,-1,0,0,0,180,50,0.1,-1,-1,-1,-1,1.8,0,0,0,0,0,1,0,-1,-1,-1,-1,-1,-1,-1,-1,-1,0.1,0.4,-1,0,0,80,0.29,100,3003,-1,5004,6004,-1,0,0.5,0.6,0,[0|0|0|0|0|0|0|0],
20109000,Blaidd the Half-Wolf,0,0,[0|0|0],20100,1002,121600,60,2.7,0.4,100,0,1320,0,0,-1,-1,10,0,0,-1,0,0.7,-1,5400,0,0,0,0,0,0,0,0,0,0,0,0,0,-1,-1,-1,-1,-1,-1,24,3000,3001,3002,3003,3004,3005,3006,3007,3008,3009,6001,6000,0,1,1,1,1,1,1,1,1,1.5,0.23076923,0,50,21,100,0,0,0,100,100,100,0,112,112,154,999,-1,-1,0,0,0,0,-1,-1,1,0,0,0,0,252,999,0,0,-1,10,0,13,0,0,7,3,40,110,110,0,0,2,0,0,0,0,0,0,0,2,0,0,17,7,0,0,0,0,0,0,0,0,1,0,0,0,0,0,0,0,0,0,1,0,0,0,0,0,1,0,0,0,0,0,0,1,0,0,1,0,0,1,0,0,0,0,0,0,0,0,0,0,0,0,0,0,0,0,0,0,0,2.7,0.4,0,0,0,0,0,0,0,0,0,100,1,0,2,108,109,139,139,139,106,0,90030,0,5851,90060,90100,0,-1,-1,0,0.4,0.9,0.9,0.9,1,0.6,1,0.8,0.8,0,0,0,-1,-1,256,2002,-1,200,30,252,0,0,-1,9642,5800,14551,-1,-1,18699,-1,14560,6030,14558,4300,5195,14566,440,-1,-1,0,-1,0,0,0,1,1,1,0,0,-1,-1,0,0,0,0,0,0,900,-1,-1,0,0,0,180,50,0.1,-1,-1,-1,-1,1.8,0,0,0,0,0,1,0,-1,-1,-1,-1,-1,-1,-1,-1,-1,0.1,0.4,-1,0,0,80,0.29,100,3003,-1,5004,6004,-1,0,0.5,0.6,0,[0|0|0|0|0|0|0|0],
20109010,Blaidd the Half-Wolf,0,0,[0|0|0],20100,1002,121600,60,2.7,0.4,100,0,1320,0,2000,-1,-1,10,0,0,-1,0,0.7,-1,5400,0,0,7010,0,0,0,0,7410,0,0,0,0,0,-1,-1,-1,-1,-1,-1,24,3000,3001,3002,3003,3004,3005,3006,3007,3008,3009,6001,6000,0,1,1,1,1,1,1,1,1,1.5,0.23076923,0,50,21,100,0,0,0,100,100,100,0,112,112,154,999,-1,-1,0,0,0,0,-1,-1,1,0,0,0,0,252,999,0,0,-1,10,0,13,0,0,26,3,40,110,110,0,0,2,0,0,0,0,0,0,0,2,0,0,17,7,0,0,0,0,0,0,0,0,1,0,0,0,0,0,0,0,0,0,1,0,0,0,0,0,1,0,0,0,0,0,0,1,0,0,1,1,0,1,0,0,0,0,0,0,0,0,0,0,0,0,0,0,0,0,0,0,0,2.7,0.4,0,0,0,0,0,0,0,0,0,100,1,0,2,108,109,139,139,139,106,0,90030,0,5851,90060,90100,0,-1,-1,0,0.4,0.9,0.9,0.9,1,0.6,1,0.8,0.8,0,0,0,-1,-1,256,2002,-1,200,30,252,0,0,-1,9642,5800,14551,-1,-1,18699,-1,14560,6030,14558,4300,5195,14566,440,-1,-1,0,-1,0,0,0,1,1,1,0,0,-1,-1,0,0,0,0,0,0,900,-1,-1,0,0,0,180,50,0.1,-1,-1,-1,-1,1.8,0,0,0,0,0,1,0,-1,-1,-1,-1,-1,-1,-1,-1,-1,0.1,0.4,-1,0,0,80,0.29,100,3003,-1,5004,6004,-1,0,0.5,0.6,0,[0|0|0|0|0|0|0|0],
20109020,Blaidd the Half-Wolf,0,0,[0|0|0],20100,1002,121600,60,2.7,0.4,100,0,1320,0,2000,-1,-1,10,0,0,-1,0,0.7,-1,5400,0,0,7060,0,0,0,0,7460,0,0,0,0,0,-1,-1,-1,-1,-1,-1,24,3000,3001,3002,3003,3004,3005,3006,3007,3008,3009,6001,6000,0,1,1,1,1,1,1,1,1,1.5,0.23076923,0,50,21,100,0,0,0,100,100,100,0,112,112,154,999,-1,-1,0,0,0,0,-1,-1,1,0,0,0,0,252,999,0,0,-1,10,0,13,0,0,0,3,40,110,110,0,0,2,0,0,0,0,0,0,0,2,0,0,17,7,0,0,0,0,0,0,0,0,1,0,0,0,0,0,0,0,0,0,1,0,0,0,0,0,1,0,0,0,0,0,0,1,0,0,1,1,0,1,0,0,0,0,0,0,0,0,0,0,0,0,0,0,0,0,0,0,0,2.7,0.4,0,0,0,0,0,0,0,0,0,100,1,0,2,108,109,139,139,139,106,0,90030,0,5851,90060,90100,0,-1,-1,0,0.4,0.9,0.9,0.9,1,0.6,1,0.8,0.8,0,0,0,-1,-1,256,2002,-1,200,30,252,0,0,-1,9642,5800,14551,-1,-1,18699,-1,14560,6030,14558,4300,5195,14566,440,18675,-1,0,-1,0,0,0,1,1,1,0,0,-1,-1,0,0,0,0,0,0,900,-1,-1,0,0,0,180,50,0.1,-1,-1,-1,-1,1.8,0,0,0,0,0,1,0,-1,-1,-1,-1,-1,-1,-1,-1,-1,0.1,0.4,-1,0,0,80,0.29,100,3003,-1,5004,6004,-1,0,0.5,0.6,0,[0|0|0|0|0|0|0|0],
20109040,Blaidd the Half-Wolf,0,0,[0|0|0],20100,1002,121600,60,2.7,0.4,100,0,1320,0,2000,-1,-1,10,0,0,-1,0,0.7,-1,5400,0,0,7070,0,0,0,0,7470,0,0,0,0,0,-1,-1,-1,-1,-1,-1,24,3000,3001,3002,3003,3004,3005,3006,3007,3008,3009,6001,6000,0,1,1,1,1,1,1,1,1,1.5,0.23076923,0,50,21,100,0,0,0,100,100,100,0,112,112,154,999,-1,-1,0,0,0,0,-1,-1,1,0,0,0,0,252,999,0,0,-1,10,0,13,0,0,0,3,40,110,110,0,0,2,0,0,0,0,0,0,0,2,0,0,17,7,0,0,0,0,0,0,0,0,1,0,0,0,0,0,0,0,0,0,1,0,0,0,0,0,1,0,0,0,0,0,0,1,0,0,1,1,0,1,0,0,0,0,0,0,0,0,0,0,0,0,0,0,0,0,0,0,0,2.7,0.4,0,0,0,0,0,0,0,0,0,100,1,0,2,108,109,139,139,139,106,0,90030,0,5851,90060,90100,0,-1,-1,0,0.4,0.9,0.9,0.9,1,0.6,1,0.8,0.8,0,0,0,-1,-1,256,2002,-1,200,30,252,0,0,-1,9642,5800,14551,-1,-1,18699,-1,14560,6030,14558,4300,5195,14566,440,-1,-1,0,-1,0,0,0,1,1,1,0,0,-1,-1,0,0,0,0,0,0,900,-1,-1,0,0,0,180,50,0.1,-1,-1,-1,-1,1.8,0,0,0,0,0,1,0,-1,-1,-1,-1,-1,-1,-1,-1,-1,0.1,0.4,-1,0,0,80,0.29,100,3003,-1,5004,6004,-1,0,0.5,0.6,0,[0|0|0|0|0|0|0|0],
20109064,Blaidd the Half-Wolf,0,0,[0|0|0],20100,1002,121600,60,2.7,0.4,100,0,1320,0,2000,-1,-1,10,0,0,-1,0,0.7,-1,5400,0,0,7060,0,0,0,0,7460,0,0,0,0,0,-1,-1,-1,-1,-1,-1,24,3000,3001,3002,3003,3004,3005,3006,3007,3008,3009,6001,6000,0,1,1,1,1,1,1,1,1,1.5,0.23076923,0,50,21,100,0,0,0,100,100,100,0,112,112,154,999,-1,-1,0,0,0,0,-1,-1,1,0,0,0,0,252,999,0,0,-1,10,0,13,0,0,26,3,40,110,110,0,0,2,0,0,0,0,0,0,0,2,0,0,17,7,0,0,0,0,0,0,0,0,1,0,0,0,0,0,0,0,0,0,1,0,0,0,0,0,1,0,0,0,0,0,0,1,0,0,1,1,0,1,0,0,0,0,0,0,0,0,0,0,0,0,0,0,0,0,0,0,0,2.7,0.4,0,0,0,0,0,0,0,0,0,100,1,0,2,108,109,139,139,139,106,0,90030,0,5851,90060,90100,0,-1,-1,0,0.4,0.9,0.9,0.9,1,0.6,1,0.8,0.8,0,0,0,-1,-1,256,2002,-1,200,30,252,0,0,-1,9642,5800,14551,-1,-1,18699,-1,14560,6030,14558,4300,5195,14566,440,-1,-1,0,-1,0,0,0,1,1,1,0,0,-1,-1,0,0,0,0,0,0,900,-1,-1,0,0,0,180,50,0.1,-1,-1,-1,-1,1.8,0,0,0,0,0,1,0,-1,-1,-1,-1,-1,-1,-1,-1,-1,0.1,0.4,-1,0,0,80,0.29,100,3003,-1,5004,6004,-1,0,0.5,0.6,0,[0|0|0|0|0|0|0|0],
20109110,Blaidd the Half-Wolf,0,0,[0|0|0],20100,1002,121600,60,2.7,0.4,100,0,1320,0,2000,-1,-1,10,0,0,-1,0,0.7,-1,5400,0,0,7010,0,0,0,0,7410,0,0,0,0,0,-1,-1,-1,-1,-1,-1,24,3000,3001,3002,3003,3004,3005,3006,3007,3008,3009,6001,6000,0,1,1,1,1,1,1,1,1,1.5,0.23076923,0,50,21,100,0,0,0,100,100,100,0,112,112,154,999,-1,-1,0,0,0,0,-1,-1,1,0,0,0,0,252,999,0,0,-1,10,0,13,0,0,26,3,40,110,110,0,0,2,0,0,0,0,0,0,0,2,0,0,17,7,0,0,0,0,0,0,0,0,1,0,0,0,0,0,0,0,0,0,1,0,0,0,0,0,1,0,0,0,0,0,0,1,0,0,1,1,0,1,0,0,0,0,0,0,0,0,0,0,0,0,0,0,0,0,0,0,0,2.7,0.4,0,0,0,0,0,0,0,0,0,100,1,0,2,108,109,139,139,139,106,0,90030,0,5851,90060,90100,0,-1,-1,0,0.4,0.9,0.9,0.9,1,0.6,1,0.8,0.8,0,0,0,-1,-1,256,2002,-1,200,30,252,0,0,-1,9642,5800,14551,-1,-1,18699,-1,14560,6030,14558,4300,5195,14566,440,-1,-1,0,-1,0,0,0,1,1,1,0,0,-1,-1,0,0,0,0,0,0,900,-1,-1,0,0,0,180,50,0.1,-1,-1,-1,-1,1.8,0,0,0,0,0,1,0,-1,-1,-1,-1,-1,-1,-1,-1,-1,0.1,0.4,-1,0,0,80,0.29,100,3003,-1,5004,6004,-1,0,0.5,0.6,0,[0|0|0|0|0|0|0|0],
20109120,Blaidd the Half-Wolf,0,0,[0|0|0],20100,1002,121600,60,2.7,0.4,100,0,1320,0,2000,-1,111500,10,0,0,-1,0,0.7,-1,5400,0,0,7110,0,0,0,0,7510,0,0,0,0,0,-1,-1,-1,-1,-1,-1,24,3000,3001,3002,3003,3004,3005,3006,3007,3008,3009,6001,6000,0,1,1,1,1,1,1,1,1,1.5,0.23076923,0,50,21,100,0,0,0,100,100,100,0,112,112,154,999,-1,-1,0,0,0,0,-1,-1,1,0,0,0,0,252,999,0,0,-1,10,0,13,0,0,7,3,40,110,110,0,0,2,0,0,0,0,0,0,0,2,0,0,17,7,0,0,0,0,0,0,0,0,1,0,0,0,0,0,0,0,0,0,1,0,0,0,0,0,1,0,0,0,0,0,0,1,0,0,1,1,0,1,0,0,0,0,0,0,0,0,0,0,0,0,0,0,0,0,0,0,0,2.7,0.4,0,0,0,0,0,1,0,0,0,100,1,0,2,108,109,139,139,139,106,0,90030,0,5851,90060,90160,0,-1,-1,0,0.4,0.9,0.9,0.9,1,0.6,1,0.8,0.8,0,0,0,-1,-1,256,2002,-1,200,30,252,0,0,-1,-1,5800,14551,-1,-1,18699,14550,14560,6030,14558,4300,5195,-1,-1,-1,-1,0,-1,0,0,0,1,1,1,0,0,-1,-1,0,0,0,0,0,0,-1,-1,-1,0,0,0,180,50,0.1,-1,-1,-1,-1,1.8,0,0,0,0,0,1,0,-1,-1,-1,-1,-1,-1,-1,-1,-1,0.1,0.4,-1,0,0,80,0.29,100,3003,-1,5004,6004,-1,0,0.5,0.6,0,[0|0|0|0|0|0|0|0],
20109140,Blaidd the Half-Wolf,0,0,[0|0|0],20100,1002,121600,60,2.7,0.4,100,0,2900,0,0,-1,-1,10,0,2,-1,0,0.7,-1,5400,0,0,13941,0,0,0,0,7470,0,0,0,0,0,-1,-1,-1,-1,-1,-1,24,3000,3001,3002,3003,3004,3005,3006,3007,3008,3009,6001,6000,0,1,1,1,1,1,1,1,1,1.5,0.23076923,0,50,21,100,0,0,0,100,100,100,0,112,112,154,999,-1,-1,0,0,0,0,-1,-1,1,0,0,0,0,252,999,0,0,-1,10,0,13,0,0,2,3,40,110,110,0,0,2,0,0,0,0,0,0,0,2,0,0,17,7,0,0,0,0,0,0,0,0,1,0,0,0,0,0,0,0,0,0,1,0,0,0,0,0,1,1,0,0,0,0,0,1,0,0,1,0,0,1,0,0,0,0,0,0,0,0,0,0,0,0,0,0,0,0,0,0,0,2.7,0.4,0,0,0,0,0,0,0,0,0,100,1,0,2,108,109,139,139,139,106,0,90030,0,5851,90060,90100,0,-1,-1,0,0.4,0.9,0.9,0.9,1,0.6,1,0.8,0.8,0,0,0,-1,-1,256,2002,-1,200,30,252,0,0,-1,-1,5800,14551,-1,-1,18699,-1,14560,6030,14558,4300,5195,14566,440,18697,-1,0,-1,0,0,0,1,1,1,0,0,-1,-1,0,0,0,0,0,0,-1,-1,-1,0,0,0,180,50,0.1,-1,-1,-1,-1,1.8,0,0,0,0,0,1,0,-1,-1,-1,-1,-1,-1,-1,-1,-1,0.1,0.4,-1,0,0,80,0.29,100,3003,-1,5004,6004,-1,0,0.5,0.6,0,[0|0|0|0|0|0|0|0],
20109210,Blaidd the Half-Wolf,0,0,[0|0|0],20100,1002,121600,60,2.7,0.4,100,0,1320,0,2000,-1,-1,10,0,0,-1,0,0.7,-1,5400,0,0,7090,0,0,0,0,7490,0,0,0,0,0,-1,-1,-1,-1,-1,-1,24,3000,3001,3002,3003,3004,3005,3006,3007,3008,3009,6001,6000,0,1,1,1,1,1,1,1,1,1.5,0.23076923,0,50,21,100,0,0,0,100,100,100,0,112,112,154,999,-1,-1,0,0,0,0,-1,-1,1,0,0,0,0,252,999,0,0,-1,10,0,13,0,0,26,3,40,110,110,0,0,2,0,0,0,0,0,0,0,2,0,0,17,7,0,0,0,0,0,0,0,0,1,0,0,0,0,0,0,0,0,0,1,0,0,0,0,0,1,0,0,0,0,0,0,1,0,0,1,1,0,1,0,0,0,0,0,0,0,0,0,0,0,0,0,0,0,0,0,0,0,2.7,0.4,0,0,0,0,0,0,0,0,0,100,1,0,2,108,109,139,139,139,106,0,90030,0,5851,90060,90100,0,-1,-1,0,0.4,0.9,0.9,0.9,1,0.6,1,0.8,0.8,0,0,0,-1,-1,256,2002,-1,200,30,252,0,0,-1,9642,5800,14551,-1,-1,18699,-1,14560,6030,14558,4300,5195,14566,440,-1,-1,0,-1,0,0,0,1,1,1,0,0,-1,-1,0,0,0,0,0,0,900,-1,-1,0,0,0,180,50,0.1,-1,-1,-1,-1,1.8,0,0,0,0,0,1,0,-1,-1,-1,-1,-1,-1,-1,-1,-1,0.1,0.4,-1,0,0,80,0.29,100,3003,-1,5004,6004,-1,0,0.5,0.6,0,[0|0|0|0|0|0|0|0],
20109240,Blaidd the Half-Wolf,0,0,[0|0|0],20100,1002,121600,60,2.7,0.4,100,0,1320,0,2000,-1,-1,10,0,0,-1,0,0.7,-1,5400,0,0,7070,0,0,0,0,7470,0,0,0,0,0,-1,-1,-1,-1,-1,-1,24,3000,3001,3002,3003,3004,3005,3006,3007,3008,3009,6001,6000,0,1,1,1,1,1,1,1,1,1.5,0.23076923,0,50,21,100,0,0,0,100,100,100,0,112,112,154,999,-1,-1,0,0,0,0,-1,-1,1,0,0,0,0,252,999,0,0,-1,10,0,13,0,0,26,3,40,110,110,0,0,2,0,0,0,0,0,0,0,2,0,0,17,7,0,0,0,0,0,0,0,0,1,0,0,0,0,0,0,0,0,0,1,0,0,0,0,0,1,0,0,0,0,0,0,1,0,0,1,1,0,1,0,0,0,0,0,0,0,0,0,0,0,0,0,0,0,0,0,0,0,2.7,0.4,0,0,0,0,0,0,0,0,0,100,1,0,2,108,109,139,139,139,106,0,90030,0,5851,90060,90100,0,-1,-1,0,0.4,0.9,0.9,0.9,1,0.6,1,0.8,0.8,0,0,0,-1,-1,256,2002,-1,200,30,252,0,0,-1,9642,5800,14551,-1,-1,18699,-1,14560,6030,14558,4300,5195,14566,440,-1,-1,0,-1,0,0,0,1,1,1,0,0,-1,-1,0,0,0,0,0,0,900,-1,-1,0,0,0,180,50,0.1,-1,-1,-1,-1,1.8,0,0,0,0,0,1,0,-1,-1,-1,-1,-1,-1,-1,-1,-1,0.1,0.4,-1,0,0,80,0.29,100,3003,-1,5004,6004,-1,0,0.5,0.6,0,[0|0|0|0|0|0|0|0],
20109310,Blaidd the Half-Wolf,0,0,[0|0|0],20100,1002,121600,60,2.7,0.4,100,0,1320,0,0,-1,-1,10,0,2,-1,0,0.7,-1,5400,0,0,7010,0,0,0,0,7410,0,0,0,0,0,-1,-1,-1,-1,-1,-1,24,3000,3001,3002,3003,3004,3005,3006,3007,3008,3009,6001,6000,0,1,1,1,1,1,1,1,1,1.5,0.23076923,0,50,21,100,0,0,0,100,100,100,0,112,112,154,999,-1,-1,0,0,0,0,-1,-1,1,0,0,0,0,252,999,0,0,-1,10,0,13,0,0,2,3,40,110,110,0,0,2,0,0,0,0,0,0,0,2,0,0,17,7,0,0,0,0,0,0,0,0,1,0,0,0,0,0,0,0,0,0,1,0,0,0,0,0,1,1,0,0,0,0,0,1,0,0,1,1,0,1,0,0,0,0,0,0,0,0,0,0,0,0,0,0,0,0,0,0,0,2.7,0.4,0,0,0,0,0,0,0,0,0,100,1,0,2,108,109,139,139,139,106,0,90030,0,5851,90060,90100,0,-1,-1,0,0.4,0.9,0.9,0.9,1,0.6,1,0.8,0.8,0,0,0,-1,-1,256,2002,-1,200,30,252,0,0,-1,-1,5800,14551,-1,14565,18699,-1,14560,6030,14558,4300,5195,14566,440,-1,-1,0,-1,0,0,0,1,1,1,0,0,-1,-1,0,0,0,0,0,0,-1,-1,-1,0,0,0,180,50,0.1,-1,-1,-1,-1,1.8,0,0,0,0,0,1,0,-1,-1,-1,-1,-1,-1,-1,-1,-1,0.1,0.4,-1,0,0,80,0.29,100,3003,-1,5004,6004,-1,0,0.5,0.6,0,[0|0|0|0|0|0|0|0],
20109410,Blaidd the Half-Wolf,0,0,[0|0|0],20100,1002,121600,60,2.7,0.4,100,0,1320,0,0,-1,-1,10,0,0,-1,0,0.7,-1,5400,0,0,7010,0,0,0,0,7410,0,0,0,0,0,-1,-1,-1,-1,-1,-1,24,3000,3001,3002,3003,3004,3005,3006,3007,3008,3009,6001,6000,0,1,1,1,1,1,1,1,1,1.5,0.23076923,0,50,21,100,0,0,0,100,100,100,0,112,112,154,999,-1,-1,0,0,0,0,-1,-1,1,0,0,0,0,252,999,0,0,-1,10,0,13,0,0,0,3,40,110,110,0,0,2,0,0,0,0,0,0,0,2,0,0,17,7,0,0,0,0,0,0,0,0,1,0,0,0,0,0,0,0,0,0,1,0,0,0,0,0,1,0,0,0,0,0,0,1,0,0,1,0,0,1,0,0,0,0,0,0,0,0,0,0,0,0,0,0,0,0,0,0,0,2.7,0.4,0,0,0,0,0,0,0,0,0,100,1,0,2,108,109,139,139,139,106,0,90030,0,5851,90060,90100,0,-1,-1,0,0.4,0.9,0.9,0.9,1,0.6,1,0.8,0.8,0,0,0,-1,-1,256,2002,-1,200,30,252,0,0,-1,9642,5800,14551,-1,-1,18699,-1,14560,6030,14558,4300,5195,14566,440,-1,-1,0,-1,0,0,0,1,1,1,0,0,-1,-1,0,0,0,0,0,0,900,-1,-1,0,0,0,180,50,0.1,-1,-1,-1,-1,1.8,0,0,0,0,0,1,0,-1,-1,-1,-1,-1,-1,-1,-1,-1,0.1,0.4,-1,0,0,80,0.29,100,3003,-1,5004,6004,-1,0,0.5,0.6,0,[0|0|0|0|0|0|0|0],
20300000,Rennala- Queen of the Full Moon,0,0,[0|0|0],20300,1003,120000,60,4,0.6,100,0,1452,0,0,-1,-1,10,5,0,-1,0,0.6,-1,5400,0,0,0,0,0,0,0,0,0,0,0,0,0,-1,-1,-1,-1,-1,-1,16,3000,3001,3002,3003,3004,3005,3006,3007,3008,3009,6001,6000,0,0,1,1,1,1,1,1,1,0,-1,0,50,21,100,0,0,0,100,100,100,0,154,154,154,999,-1,-1,0,0,0,0,-1,-1,1,0,0,0,0,999,999,0,0,-1,10,0,13,0,1,6,3,60,139,139,1,0,2,0,0,0,0,0,0,0,0,0,0,17,7,0,0,0,0,0,0,0,0,1,0,0,0,0,1,0,0,0,0,1,1,0,0,0,0,0,0,0,0,0,0,0,1,0,0,1,0,0,1,0,0,0,0,0,0,0,0,0,0,0,0,0,0,0,0,0,0,0,4,0.6,0,0,0,0,0,0,1,0,0,100,0,0,1,109,109,139,139,139,113,0,90030,0,5852,90060,90100,0,-1,-1,0,0.4,1.1,1.1,1,1.1,0.2,0.8,0.8,0.8,0,-50,0,-1,-1,256,2003,-1,300,30,154,0,0,-1,-1,5800,14356,-1,-1,-1,-1,-1,-1,-1,-1,-1,-1,-1,-1,-1,0,-1,0,0,0,1,1,1,0,0,-1,-1,0,0,0,0,0,0,-1,-1,-1,0,0,0,180,-1,0.1,-1,-1,-1,-1,2.5,0,0,0,0,0,1,0,-1,-1,-1,-1,-1,-1,-1,-1,-1,0.1,0.4,-1,0,0,-1,0.29,100,3003,-1,5003,-1,-1,0,0.5,0.6,0,[0|0|0|0|0|0|0|0],
20300024,Rennala- Queen of the Full Moon,0,0,[0|0|0],20300,1003,120000,60,4,0.6,100,0,1452,0,0,-1,-1,10,5,0,-1,0,0.6,-1,5400,0,0,7070,0,90400,0,0,7470,0,0,0,0,0,-1,-1,-1,-1,-1,-1,16,3000,3001,3002,3003,3004,3005,3006,3007,3008,3009,6001,6000,0,0,1,1,1,1,1,1,1,0,-1,0,50,21,100,0,0,0,100,100,100,0,154,154,154,999,-1,-1,0,0,0,0,-1,-1,1,0,0,0,0,999,999,0,0,-1,10,0,13,0,1,6,3,60,139,139,1,0,2,0,0,0,0,0,0,0,0,0,0,17,7,0,0,0,0,0,0,0,0,1,0,0,0,0,1,0,0,0,0,1,1,0,0,0,0,0,0,0,0,0,0,0,1,0,0,1,1,0,1,0,0,0,0,0,0,0,0,0,0,0,0,0,0,0,0,0,0,0,4,0.6,0,1,0,0,0,0,1,0,0,100,0,0,1,109,109,139,139,139,113,95000,90030,95010,5852,90060,90100,0,-1,-1,0,0.4,1.1,1.1,1,1.1,0.2,0.8,0.8,0.8,0,-50,0,-1,-1,256,2003,-1,300,30,154,0,0,-1,-1,5800,14356,-1,-1,14361,-1,-1,-1,-1,-1,-1,-1,-1,-1,-1,0,-1,0,0,0,1,1,1,0,0,-1,-1,0,0,0,0,0,0,-1,-1,-1,0,0,0,180,-1,0.1,-1,-1,-1,-1,2.5,0,0,0,0,0,1,0,-1,-1,-1,-1,-1,-1,-1,-1,-1,0.1,0.4,-1,0,0,-1,0.29,100,3003,-1,5003,-1,-1,0,0.5,0.6,0,[0|0|0|0|0|0|0|0],
20300100,Rennala- Queen of the Full Moon,0,0,[0|0|0],20300,1003,120000,60,4,0.6,100,0,1452,0,0,-1,-1,10,5,0,-1,0,0.6,-1,5400,0,0,0,0,0,0,0,0,0,0,0,0,0,-1,-1,-1,-1,-1,-1,16,3000,3001,3002,3003,3004,3005,3006,3007,3008,3009,6001,6000,0,1,1,1,1,1,1,1,1,0,-1,0,50,21,100,0,0,0,100,100,100,0,154,154,154,999,-1,-1,0,0,0,0,-1,-1,1,0,0,0,0,999,999,0,0,-1,10,0,13,0,1,26,3,60,139,139,1,0,2,0,0,0,0,0,0,0,0,0,0,17,7,0,0,0,0,0,0,0,0,1,0,0,0,0,0,0,0,0,0,1,1,0,0,0,0,0,0,0,0,0,0,0,1,0,0,1,0,0,1,0,0,0,0,0,0,0,0,0,0,0,0,0,0,0,0,0,0,0,4,0.6,0,0,0,0,0,0,1,0,0,100,0,0,1,109,109,139,139,139,113,0,90030,0,5852,90060,90100,0,-1,-1,0,0.4,1.1,1.1,1,1.1,0.2,0.8,0.8,0.8,0,-50,0,-1,-1,256,2003,-1,300,30,154,0,0,-1,9642,5800,-1,18699,440,-1,-1,-1,-1,-1,-1,-1,-1,-1,-1,-1,0,-1,0,0,0,1,1,1,0,0,-1,-1,0,0,0,0,0,0,-1,-1,-1,0,0,0,180,-1,0.1,-1,-1,-1,-1,2.5,0,0,0,0,0,1,0,-1,-1,-1,-1,-1,-1,-1,-1,-1,0.1,0.4,-1,0,0,-1,0.29,100,3003,-1,5003,-1,-1,0,0.5,0.6,0,[0|0|0|0|0|0|0|0],
20300124,Rennala- Queen of the Full Moon,0,0,[0|0|0],20300,1003,120000,60,4,0.6,100,0,1452,0,2000,-1,-1,10,5,0,-1,0,0.6,-1,5400,0,0,7070,0,0,0,0,7470,0,0,0,0,0,-1,-1,-1,-1,-1,-1,16,3000,3001,3002,3003,3004,3005,3006,3007,3008,3009,6001,6000,0,1,1,1,1,1,1,1,1,0,-1,0,50,21,100,0,0,0,100,100,100,0,154,154,154,999,-1,-1,0,0,0,0,-1,-1,1,0,0,0,0,999,999,0,0,-1,10,0,13,0,1,0,3,60,139,139,1,0,2,0,0,0,0,0,0,0,0,0,0,17,7,0,0,0,0,0,0,0,0,1,0,0,0,0,0,0,0,0,0,1,1,0,0,0,0,0,0,0,0,0,0,0,1,0,0,1,1,0,1,0,0,0,0,0,0,0,0,0,0,0,0,0,0,0,0,0,0,0,4,0.6,0,0,0,0,0,0,1,0,0,100,0,0,1,109,109,139,139,139,113,0,90030,0,5852,90060,90100,0,-1,-1,0,0.4,1.1,1.1,1,1.1,0.2,0.8,0.8,0.8,0,-50,0,-1,-1,256,2003,-1,300,30,154,0,0,-1,9642,5800,-1,18699,440,-1,-1,-1,-1,-1,-1,-1,-1,-1,-1,-1,0,-1,0,0,0,1,1,1,0,0,-1,-1,0,0,0,0,0,0,-1,-1,-1,0,0,0,180,-1,0.1,-1,-1,-1,-1,2.5,0,0,0,0,0,1,0,-1,-1,-1,-1,-1,-1,-1,-1,-1,0.1,0.4,-1,0,0,-1,0.29,100,3003,-1,5003,-1,-1,0,0.5,0.6,0,[0|0|0|0|0|0|0|0],
